crown_id,confidence,Plot_ID,kmlgeometry
368,Medium,OSBS_018,"<Polygon><outerBoundaryIs><LinearRing><coordinates>-148.370193087205,3284421.06852789 -148.004922860651,3284420.96689858 -147.997069481644,3284420.60921653 -148.002092759125,3284419.99267458 -147.94281613722,3284419.33861378 -147.98315402196,3284418.35240983 -147.975501567824,3284417.97006611 -147.96110084356,3284417.0944011 -148.0158394553,3284416.98386216 -148.382415869215,3284416.92519056 -148.920257783844,3284416.99123095 -148.969571214286,3284417.54655732 -148.977625501575,3284417.87957769 -148.985478857241,3284418.23725974 -149.011550577881,3284419.00203493 -149.453394646407,3284418.95630827 -149.969501756073,3284419.04683493 -149.967190999479,3284419.33044423 -149.932596436061,3284420.93327784 -148.370193087205,3284421.06852789</coordinates></LinearRing></outerBoundaryIs></Polygon>"
18,High,OSBS_018,"<Polygon><outerBoundaryIs><LinearRing><coordinates>-152.370630840946,3284431.94700993 -151.991005801305,3284431.94391678 -152.015094432281,3284428.98749152 -153.078399073042,3284428.95267553 -153.164597315248,3284427.69246575 -153.139387742674,3284426.12699012 -154.087742331903,3284426.22167679 -153.94404002378,3284425.22047214 -154.361982070783,3284425.18039784 -155.349716289435,3284425.10148656 -155.879066119553,3284425.36667818 -155.798535704205,3284425.93125848 -156.973248388036,3284426.20170872 -156.930680443591,3284426.76659834 -156.920406807971,3284428.02742676 -156.875713288435,3284428.85317744 -156.534050653747,3284428.85039347 -156.07531213609,3284429.2379731 -155.880185675225,3284429.88857909 -155.834075196239,3284430.88823714 -155.111370521714,3284431.05626731 -154.647318315925,3284432.09599964 -152.370630840946,3284431.94700993</coordinates></LinearRing></outerBoundaryIs></Polygon>"
