crown_id,confidence,Plot_ID,kmlgeometry
400,Medium,OSBS_009,"<Polygon><outerBoundaryIs><LinearRing><coordinates>162.479400678654,3285857.94099894 162.371073575399,3285856.51569844 162.645856039831,3285855.08702666 163.11991624342,3285854.53429593 163.012554565968,3285853.21869876 162.342112676939,3285853.22459846 161.482046704099,3285853.45159052 160.718723552185,3285853.78744315 159.952504285029,3285853.79418583 159.090507608431,3285853.80177142 157.854089961154,3285854.80005848 157.765070418711,3285855.56882467 157.104282816115,3285856.67175804 157.498977294774,3285857.98482659 157.983656605938,3285858.6388323 157.998137721792,3285860.28438231 158.866891698213,3285861.04471997 160.108135652088,3285860.59494966 160.287140344852,3285859.16712064 162.479400678654,3285857.94099894</coordinates></LinearRing></outerBoundaryIs></Polygon>"
